sample,predicted_fault,confidence,health_status,risk_level,maintenance_recommendation
1,Normal,99.99,Healthy,Low,Continue normal operation and periodic monitoring.
2,Normal,99.99,Healthy,Low,Continue normal operation and periodic monitoring.
3,Normal,99.98,Healthy,Low,Continue normal operation and periodic monitoring.
4,Normal,99.98,Healthy,Low,Continue normal operation and periodic monitoring.
5,Normal,99.98,Healthy,Low,Continue normal operation and periodic monitoring.
6,Normal,99.99,Healthy,Low,Continue normal operation and periodic monitoring.
7,Normal,99.99,Healthy,Low,Continue normal operation and periodic monitoring.
8,Normal,99.99,Healthy,Low,Continue normal operation and periodic monitoring.
9,Normal,99.98,Healthy,Low,Continue normal operation and periodic monitoring.
10,Normal,99.98,Healthy,Low,Continue normal operation and periodic monitoring.
11,Normal,99.99,Healthy,Low,Continue normal operation and periodic monitoring.
12,Normal,99.98,Healthy,Low,Continue normal operation and periodic monitoring.
13,Normal,99.98,Healthy,Low,Continue normal operation and periodic monitoring.
14,Normal,99.99,Healthy,Low,Continue normal operation and periodic monitoring.
15,Normal,99.99,Healthy,Low,Continue normal operation and periodic monitoring.
16,Normal,100.0,Healthy,Low,Continue normal operation and periodic monitoring.
17,Normal,100.0,Healthy,Low,Continue normal operation and periodic monitoring.
18,Normal,100.0,Healthy,Low,Continue normal operation and periodic monitoring.
19,Normal,100.0,Healthy,Low,Continue normal operation and periodic monitoring.
20,Normal,100.0,Healthy,Low,Continue normal operation and periodic monitoring.
21,Normal,100.0,Healthy,Low,Continue normal operation and periodic monitoring.
22,Normal,100.0,Healthy,Low,Continue normal operation and periodic monitoring.
23,Normal,100.0,Healthy,Low,Continue normal operation and periodic monitoring.
24,Normal,99.99,Healthy,Low,Continue normal operation and periodic monitoring.
25,Normal,99.98,Healthy,Low,Continue normal operation and periodic monitoring.
26,Normal,99.97,Healthy,Low,Continue normal operation and periodic monitoring.
27,Normal,99.98,Healthy,Low,Continue normal operation and periodic monitoring.
28,Normal,99.98,Healthy,Low,Continue normal operation and periodic monitoring.
29,Normal,99.99,Healthy,Low,Continue normal operation and periodic monitoring.
30,Normal,99.98,Healthy,Low,Continue normal operation and periodic monitoring.
31,Normal,99.96,Healthy,Low,Continue normal operation and periodic monitoring.
32,Normal,99.98,Healthy,Low,Continue normal operation and periodic monitoring.
33,Normal,99.98,Healthy,Low,Continue normal operation and periodic monitoring.
34,Normal,99.98,Healthy,Low,Continue normal operation and periodic monitoring.
35,Normal,99.99,Healthy,Low,Continue normal operation and periodic monitoring.
36,Normal,99.98,Healthy,Low,Continue normal operation and periodic monitoring.
37,Normal,99.99,Healthy,Low,Continue normal operation and periodic monitoring.
38,Normal,99.99,Healthy,Low,Continue normal operation and periodic monitoring.
39,Normal,99.98,Healthy,Low,Continue normal operation and periodic monitoring.
40,Normal,99.98,Healthy,Low,Continue normal operation and periodic monitoring.
41,Normal,99.99,Healthy,Low,Continue normal operation and periodic monitoring.
42,Normal,99.97,Healthy,Low,Continue normal operation and periodic monitoring.
43,Normal,99.98,Healthy,Low,Continue normal operation and periodic monitoring.
44,Normal,99.99,Healthy,Low,Continue normal operation and periodic monitoring.
45,Normal,99.99,Healthy,Low,Continue normal operation and periodic monitoring.
46,Normal,99.99,Healthy,Low,Continue normal operation and periodic monitoring.
47,Normal,99.98,Healthy,Low,Continue normal operation and periodic monitoring.
48,Normal,99.98,Healthy,Low,Continue normal operation and periodic monitoring.
49,Normal,99.98,Healthy,Low,Continue normal operation and periodic monitoring.
50,Normal,99.97,Healthy,Low,Continue normal operation and periodic monitoring.
51,Normal,99.98,Healthy,Low,Continue normal operation and periodic monitoring.
52,Normal,99.98,Healthy,Low,Continue normal operation and periodic monitoring.
53,Normal,99.97,Healthy,Low,Continue normal operation and periodic monitoring.
54,Normal,99.99,Healthy,Low,Continue normal operation and periodic monitoring.
55,Normal,99.98,Healthy,Low,Continue normal operation and periodic monitoring.
56,Normal,99.98,Healthy,Low,Continue normal operation and periodic monitoring.
57,Normal,99.98,Healthy,Low,Continue normal operation and periodic monitoring.
58,Normal,99.99,Healthy,Low,Continue normal operation and periodic monitoring.
59,Normal,99.99,Healthy,Low,Continue normal operation and periodic monitoring.
60,Normal,99.97,Healthy,Low,Continue normal operation and periodic monitoring.
61,Normal,99.98,Healthy,Low,Continue normal operation and periodic monitoring.
62,Normal,99.98,Healthy,Low,Continue normal operation and periodic monitoring.
63,Normal,99.98,Healthy,Low,Continue normal operation and periodic monitoring.
64,Normal,99.95,Healthy,Low,Continue normal operation and periodic monitoring.
65,Normal,99.96,Healthy,Low,Continue normal operation and periodic monitoring.
66,Normal,99.97,Healthy,Low,Continue normal operation and periodic monitoring.
67,Normal,99.97,Healthy,Low,Continue normal operation and periodic monitoring.
68,Normal,99.95,Healthy,Low,Continue normal operation and periodic monitoring.
69,Normal,99.97,Healthy,Low,Continue normal operation and periodic monitoring.
70,Normal,99.99,Healthy,Low,Continue normal operation and periodic monitoring.
71,Normal,99.97,Healthy,Low,Continue normal operation and periodic monitoring.
72,Normal,99.98,Healthy,Low,Continue normal operation and periodic monitoring.
73,Normal,99.99,Healthy,Low,Continue normal operation and periodic monitoring.
74,Normal,99.99,Healthy,Low,Continue normal operation and periodic monitoring.
75,Normal,99.98,Healthy,Low,Continue normal operation and periodic monitoring.
76,Normal,99.99,Healthy,Low,Continue normal operation and periodic monitoring.
77,Normal,99.99,Healthy,Low,Continue normal operation and periodic monitoring.
78,Normal,100.0,Healthy,Low,Continue normal operation and periodic monitoring.
79,Normal,99.98,Healthy,Low,Continue normal operation and periodic monitoring.
80,Normal,99.99,Healthy,Low,Continue normal operation and periodic monitoring.
81,Normal,99.98,Healthy,Low,Continue normal operation and periodic monitoring.
82,Normal,99.99,Healthy,Low,Continue normal operation and periodic monitoring.
83,Normal,99.99,Healthy,Low,Continue normal operation and periodic monitoring.
84,Normal,99.99,Healthy,Low,Continue normal operation and periodic monitoring.
85,Normal,99.99,Healthy,Low,Continue normal operation and periodic monitoring.
86,Normal,99.98,Healthy,Low,Continue normal operation and periodic monitoring.
87,Normal,99.99,Healthy,Low,Continue normal operation and periodic monitoring.
88,Normal,99.98,Healthy,Low,Continue normal operation and periodic monitoring.
89,Normal,99.97,Healthy,Low,Continue normal operation and periodic monitoring.
90,Normal,99.98,Healthy,Low,Continue normal operation and periodic monitoring.
91,Normal,99.98,Healthy,Low,Continue normal operation and periodic monitoring.
92,Normal,99.98,Healthy,Low,Continue normal operation and periodic monitoring.
93,Normal,99.96,Healthy,Low,Continue normal operation and periodic monitoring.
94,Normal,99.98,Healthy,Low,Continue normal operation and periodic monitoring.
95,Normal,99.98,Healthy,Low,Continue normal operation and periodic monitoring.
96,Normal,99.98,Healthy,Low,Continue normal operation and periodic monitoring.
97,Normal,99.98,Healthy,Low,Continue normal operation and periodic monitoring.
98,Normal,99.99,Healthy,Low,Continue normal operation and periodic monitoring.
99,Normal,99.99,Healthy,Low,Continue normal operation and periodic monitoring.
100,Normal,99.99,Healthy,Low,Continue normal operation and periodic monitoring.
101,Normal,99.98,Healthy,Low,Continue normal operation and periodic monitoring.
102,Normal,99.99,Healthy,Low,Continue normal operation and periodic monitoring.
103,Normal,100.0,Healthy,Low,Continue normal operation and periodic monitoring.
104,Normal,100.0,Healthy,Low,Continue normal operation and periodic monitoring.
105,Normal,100.0,Healthy,Low,Continue normal operation and periodic monitoring.
106,Normal,99.99,Healthy,Low,Continue normal operation and periodic monitoring.
107,Normal,99.99,Healthy,Low,Continue normal operation and periodic monitoring.
108,Normal,99.99,Healthy,Low,Continue normal operation and periodic monitoring.
109,Normal,99.99,Healthy,Low,Continue normal operation and periodic monitoring.
110,Normal,99.99,Healthy,Low,Continue normal operation and periodic monitoring.
111,Normal,99.98,Healthy,Low,Continue normal operation and periodic monitoring.
112,Normal,99.92,Healthy,Low,Continue normal operation and periodic monitoring.
113,Normal,99.96,Healthy,Low,Continue normal operation and periodic monitoring.
114,Normal,99.96,Healthy,Low,Continue normal operation and periodic monitoring.
115,Normal,99.98,Healthy,Low,Continue normal operation and periodic monitoring.
116,Normal,99.98,Healthy,Low,Continue normal operation and periodic monitoring.
117,Normal,99.98,Healthy,Low,Continue normal operation and periodic monitoring.
118,Normal,99.98,Healthy,Low,Continue normal operation and periodic monitoring.
119,Normal,99.98,Healthy,Low,Continue normal operation and periodic monitoring.
120,Normal,99.98,Healthy,Low,Continue normal operation and periodic monitoring.
121,Normal,99.97,Healthy,Low,Continue normal operation and periodic monitoring.
122,Normal,99.99,Healthy,Low,Continue normal operation and periodic monitoring.
123,Normal,99.99,Healthy,Low,Continue normal operation and periodic monitoring.
124,Normal,99.97,Healthy,Low,Continue normal operation and periodic monitoring.
125,Normal,99.97,Healthy,Low,Continue normal operation and periodic monitoring.
126,Normal,99.98,Healthy,Low,Continue normal operation and periodic monitoring.
127,Normal,99.99,Healthy,Low,Continue normal operation and periodic monitoring.
128,Normal,99.99,Healthy,Low,Continue normal operation and periodic monitoring.
129,Normal,99.99,Healthy,Low,Continue normal operation and periodic monitoring.
130,Normal,99.99,Healthy,Low,Continue normal operation and periodic monitoring.
131,Normal,99.99,Healthy,Low,Continue normal operation and periodic monitoring.
132,Normal,99.99,Healthy,Low,Continue normal operation and periodic monitoring.
133,Normal,99.98,Healthy,Low,Continue normal operation and periodic monitoring.
134,Normal,99.98,Healthy,Low,Continue normal operation and periodic monitoring.
135,Normal,99.98,Healthy,Low,Continue normal operation and periodic monitoring.
136,Normal,99.97,Healthy,Low,Continue normal operation and periodic monitoring.
137,Normal,99.96,Healthy,Low,Continue normal operation and periodic monitoring.
138,Normal,99.99,Healthy,Low,Continue normal operation and periodic monitoring.
139,Normal,100.0,Healthy,Low,Continue normal operation and periodic monitoring.
140,Normal,99.99,Healthy,Low,Continue normal operation and periodic monitoring.
141,Normal,99.99,Healthy,Low,Continue normal operation and periodic monitoring.
142,Normal,99.99,Healthy,Low,Continue normal operation and periodic monitoring.
143,Normal,99.99,Healthy,Low,Continue normal operation and periodic monitoring.
144,Normal,99.99,Healthy,Low,Continue normal operation and periodic monitoring.
145,Normal,99.99,Healthy,Low,Continue normal operation and periodic monitoring.
146,Normal,99.98,Healthy,Low,Continue normal operation and periodic monitoring.
147,Normal,99.98,Healthy,Low,Continue normal operation and periodic monitoring.
148,Normal,99.97,Healthy,Low,Continue normal operation and periodic monitoring.
149,Normal,99.94,Healthy,Low,Continue normal operation and periodic monitoring.
150,Normal,99.99,Healthy,Low,Continue normal operation and periodic monitoring.
151,Normal,99.97,Healthy,Low,Continue normal operation and periodic monitoring.
152,Normal,99.99,Healthy,Low,Continue normal operation and periodic monitoring.
153,Normal,99.98,Healthy,Low,Continue normal operation and periodic monitoring.
154,Normal,99.97,Healthy,Low,Continue normal operation and periodic monitoring.
155,Normal,99.98,Healthy,Low,Continue normal operation and periodic monitoring.
156,Normal,99.99,Healthy,Low,Continue normal operation and periodic monitoring.
157,Normal,99.99,Healthy,Low,Continue normal operation and periodic monitoring.
158,Normal,99.99,Healthy,Low,Continue normal operation and periodic monitoring.
159,Normal,99.98,Healthy,Low,Continue normal operation and periodic monitoring.
160,Normal,99.96,Healthy,Low,Continue normal operation and periodic monitoring.
161,Normal,99.97,Healthy,Low,Continue normal operation and periodic monitoring.
162,Normal,99.99,Healthy,Low,Continue normal operation and periodic monitoring.
163,Normal,99.99,Healthy,Low,Continue normal operation and periodic monitoring.
164,Normal,99.99,Healthy,Low,Continue normal operation and periodic monitoring.
165,Normal,99.97,Healthy,Low,Continue normal operation and periodic monitoring.
166,Normal,99.98,Healthy,Low,Continue normal operation and periodic monitoring.
167,Normal,99.98,Healthy,Low,Continue normal operation and periodic monitoring.
168,Normal,99.98,Healthy,Low,Continue normal operation and periodic monitoring.
169,Normal,99.99,Healthy,Low,Continue normal operation and periodic monitoring.
170,Normal,99.99,Healthy,Low,Continue normal operation and periodic monitoring.
171,Normal,99.99,Healthy,Low,Continue normal operation and periodic monitoring.
172,Normal,99.99,Healthy,Low,Continue normal operation and periodic monitoring.
173,Normal,99.99,Healthy,Low,Continue normal operation and periodic monitoring.
174,Normal,99.98,Healthy,Low,Continue normal operation and periodic monitoring.
175,Normal,99.99,Healthy,Low,Continue normal operation and periodic monitoring.
176,Normal,99.99,Healthy,Low,Continue normal operation and periodic monitoring.
177,Normal,99.99,Healthy,Low,Continue normal operation and periodic monitoring.
178,Normal,99.99,Healthy,Low,Continue normal operation and periodic monitoring.
179,Normal,99.98,Healthy,Low,Continue normal operation and periodic monitoring.
180,Normal,99.99,Healthy,Low,Continue normal operation and periodic monitoring.
181,Normal,99.99,Healthy,Low,Continue normal operation and periodic monitoring.
182,Normal,99.99,Healthy,Low,Continue normal operation and periodic monitoring.
183,Normal,99.96,Healthy,Low,Continue normal operation and periodic monitoring.
184,Normal,99.95,Healthy,Low,Continue normal operation and periodic monitoring.
185,Normal,99.98,Healthy,Low,Continue normal operation and periodic monitoring.
186,Normal,99.99,Healthy,Low,Continue normal operation and periodic monitoring.
187,Normal,99.99,Healthy,Low,Continue normal operation and periodic monitoring.
188,Normal,99.97,Healthy,Low,Continue normal operation and periodic monitoring.
189,Normal,99.95,Healthy,Low,Continue normal operation and periodic monitoring.
190,Normal,99.97,Healthy,Low,Continue normal operation and periodic monitoring.
191,Normal,99.96,Healthy,Low,Continue normal operation and periodic monitoring.
192,Normal,99.96,Healthy,Low,Continue normal operation and periodic monitoring.
193,Normal,99.97,Healthy,Low,Continue normal operation and periodic monitoring.
194,Normal,99.98,Healthy,Low,Continue normal operation and periodic monitoring.
195,Normal,99.98,Healthy,Low,Continue normal operation and periodic monitoring.
196,Normal,99.99,Healthy,Low,Continue normal operation and periodic monitoring.
197,Normal,99.99,Healthy,Low,Continue normal operation and periodic monitoring.
198,Normal,99.98,Healthy,Low,Continue normal operation and periodic monitoring.
199,Normal,99.98,Healthy,Low,Continue normal operation and periodic monitoring.
200,Normal,99.96,Healthy,Low,Continue normal operation and periodic monitoring.
201,Normal,99.97,Healthy,Low,Continue normal operation and periodic monitoring.
202,Normal,99.97,Healthy,Low,Continue normal operation and periodic monitoring.
203,Normal,99.98,Healthy,Low,Continue normal operation and periodic monitoring.
204,Normal,99.99,Healthy,Low,Continue normal operation and periodic monitoring.
205,Normal,99.99,Healthy,Low,Continue normal operation and periodic monitoring.
206,Normal,99.98,Healthy,Low,Continue normal operation and periodic monitoring.
207,Normal,100.0,Healthy,Low,Continue normal operation and periodic monitoring.
208,Normal,100.0,Healthy,Low,Continue normal operation and periodic monitoring.
209,Normal,100.0,Healthy,Low,Continue normal operation and periodic monitoring.
210,Normal,100.0,Healthy,Low,Continue normal operation and periodic monitoring.
211,Normal,100.0,Healthy,Low,Continue normal operation and periodic monitoring.
212,Normal,99.97,Healthy,Low,Continue normal operation and periodic monitoring.
213,Normal,99.99,Healthy,Low,Continue normal operation and periodic monitoring.
214,Normal,99.97,Healthy,Low,Continue normal operation and periodic monitoring.
215,Normal,99.98,Healthy,Low,Continue normal operation and periodic monitoring.
216,Normal,99.99,Healthy,Low,Continue normal operation and periodic monitoring.
217,Normal,99.99,Healthy,Low,Continue normal operation and periodic monitoring.
218,Normal,99.99,Healthy,Low,Continue normal operation and periodic monitoring.
219,Normal,99.98,Healthy,Low,Continue normal operation and periodic monitoring.
220,Normal,99.99,Healthy,Low,Continue normal operation and periodic monitoring.
221,Normal,99.98,Healthy,Low,Continue normal operation and periodic monitoring.
222,Normal,99.98,Healthy,Low,Continue normal operation and periodic monitoring.
223,Normal,99.98,Healthy,Low,Continue normal operation and periodic monitoring.
224,Normal,99.94,Healthy,Low,Continue normal operation and periodic monitoring.
225,Normal,99.95,Healthy,Low,Continue normal operation and periodic monitoring.
226,Normal,99.96,Healthy,Low,Continue normal operation and periodic monitoring.
227,Normal,99.96,Healthy,Low,Continue normal operation and periodic monitoring.
228,Normal,99.97,Healthy,Low,Continue normal operation and periodic monitoring.
229,Normal,100.0,Healthy,Low,Continue normal operation and periodic monitoring.
230,Normal,99.98,Healthy,Low,Continue normal operation and periodic monitoring.
231,Normal,99.94,Healthy,Low,Continue normal operation and periodic monitoring.
232,Normal,99.96,Healthy,Low,Continue normal operation and periodic monitoring.
233,Normal,99.99,Healthy,Low,Continue normal operation and periodic monitoring.
234,Normal,99.99,Healthy,Low,Continue normal operation and periodic monitoring.
235,Normal,100.0,Healthy,Low,Continue normal operation and periodic monitoring.
236,Normal,100.0,Healthy,Low,Continue normal operation and periodic monitoring.
237,Inner Race,99.9,Fault Detected,High,Inspect inner race and schedule maintenance.
238,Inner Race,99.98,Fault Detected,High,Inspect inner race and schedule maintenance.
239,Inner Race,99.97,Fault Detected,High,Inspect inner race and schedule maintenance.
240,Inner Race,99.98,Fault Detected,High,Inspect inner race and schedule maintenance.
241,Inner Race,99.98,Fault Detected,High,Inspect inner race and schedule maintenance.
242,Inner Race,99.99,Fault Detected,High,Inspect inner race and schedule maintenance.
243,Inner Race,99.99,Fault Detected,High,Inspect inner race and schedule maintenance.
244,Inner Race,99.99,Fault Detected,High,Inspect inner race and schedule maintenance.
245,Inner Race,99.99,Fault Detected,High,Inspect inner race and schedule maintenance.
246,Inner Race,100.0,Fault Detected,High,Inspect inner race and schedule maintenance.
247,Inner Race,99.98,Fault Detected,High,Inspect inner race and schedule maintenance.
248,Inner Race,99.99,Fault Detected,High,Inspect inner race and schedule maintenance.
249,Inner Race,99.98,Fault Detected,High,Inspect inner race and schedule maintenance.
250,Inner Race,99.96,Fault Detected,High,Inspect inner race and schedule maintenance.
251,Inner Race,99.99,Fault Detected,High,Inspect inner race and schedule maintenance.
252,Inner Race,99.92,Fault Detected,High,Inspect inner race and schedule maintenance.
253,Inner Race,99.96,Fault Detected,High,Inspect inner race and schedule maintenance.
254,Inner Race,99.98,Fault Detected,High,Inspect inner race and schedule maintenance.
255,Inner Race,99.99,Fault Detected,High,Inspect inner race and schedule maintenance.
256,Inner Race,99.98,Fault Detected,High,Inspect inner race and schedule maintenance.
257,Inner Race,99.96,Fault Detected,High,Inspect inner race and schedule maintenance.
258,Inner Race,99.99,Fault Detected,High,Inspect inner race and schedule maintenance.
259,Inner Race,99.97,Fault Detected,High,Inspect inner race and schedule maintenance.
260,Inner Race,99.96,Fault Detected,High,Inspect inner race and schedule maintenance.
261,Inner Race,99.99,Fault Detected,High,Inspect inner race and schedule maintenance.
262,Inner Race,99.98,Fault Detected,High,Inspect inner race and schedule maintenance.
263,Inner Race,99.98,Fault Detected,High,Inspect inner race and schedule maintenance.
264,Inner Race,99.97,Fault Detected,High,Inspect inner race and schedule maintenance.
265,Inner Race,99.97,Fault Detected,High,Inspect inner race and schedule maintenance.
266,Inner Race,99.95,Fault Detected,High,Inspect inner race and schedule maintenance.
267,Inner Race,99.91,Fault Detected,High,Inspect inner race and schedule maintenance.
268,Inner Race,99.97,Fault Detected,High,Inspect inner race and schedule maintenance.
269,Inner Race,99.97,Fault Detected,High,Inspect inner race and schedule maintenance.
270,Inner Race,99.99,Fault Detected,High,Inspect inner race and schedule maintenance.
271,Inner Race,100.0,Fault Detected,High,Inspect inner race and schedule maintenance.
272,Inner Race,99.99,Fault Detected,High,Inspect inner race and schedule maintenance.
273,Inner Race,100.0,Fault Detected,High,Inspect inner race and schedule maintenance.
274,Inner Race,100.0,Fault Detected,High,Inspect inner race and schedule maintenance.
275,Inner Race,100.0,Fault Detected,High,Inspect inner race and schedule maintenance.
276,Inner Race,99.98,Fault Detected,High,Inspect inner race and schedule maintenance.
277,Inner Race,99.92,Fault Detected,High,Inspect inner race and schedule maintenance.
278,Inner Race,100.0,Fault Detected,High,Inspect inner race and schedule maintenance.
279,Inner Race,99.94,Fault Detected,High,Inspect inner race and schedule maintenance.
280,Inner Race,99.92,Fault Detected,High,Inspect inner race and schedule maintenance.
281,Inner Race,99.83,Fault Detected,High,Inspect inner race and schedule maintenance.
282,Inner Race,99.88,Fault Detected,High,Inspect inner race and schedule maintenance.
283,Inner Race,99.91,Fault Detected,High,Inspect inner race and schedule maintenance.
284,Inner Race,99.98,Fault Detected,High,Inspect inner race and schedule maintenance.
285,Inner Race,99.98,Fault Detected,High,Inspect inner race and schedule maintenance.
286,Inner Race,99.98,Fault Detected,High,Inspect inner race and schedule maintenance.
287,Inner Race,100.0,Fault Detected,High,Inspect inner race and schedule maintenance.
288,Inner Race,99.94,Fault Detected,High,Inspect inner race and schedule maintenance.
289,Inner Race,99.87,Fault Detected,High,Inspect inner race and schedule maintenance.
290,Inner Race,99.64,Fault Detected,High,Inspect inner race and schedule maintenance.
291,Inner Race,99.87,Fault Detected,High,Inspect inner race and schedule maintenance.
292,Inner Race,99.99,Fault Detected,High,Inspect inner race and schedule maintenance.
293,Inner Race,99.99,Fault Detected,High,Inspect inner race and schedule maintenance.
294,Inner Race,99.99,Fault Detected,High,Inspect inner race and schedule maintenance.
295,Inner Race,99.99,Fault Detected,High,Inspect inner race and schedule maintenance.
296,Ball,99.94,Fault Detected,High,Inspect bearing and schedule maintenance.
297,Ball,99.98,Fault Detected,High,Inspect bearing and schedule maintenance.
298,Ball,99.98,Fault Detected,High,Inspect bearing and schedule maintenance.
299,Ball,100.0,Fault Detected,High,Inspect bearing and schedule maintenance.
300,Ball,99.98,Fault Detected,High,Inspect bearing and schedule maintenance.
301,Ball,99.97,Fault Detected,High,Inspect bearing and schedule maintenance.
302,Ball,99.98,Fault Detected,High,Inspect bearing and schedule maintenance.
303,Ball,99.98,Fault Detected,High,Inspect bearing and schedule maintenance.
304,Ball,99.98,Fault Detected,High,Inspect bearing and schedule maintenance.
305,Ball,100.0,Fault Detected,High,Inspect bearing and schedule maintenance.
306,Ball,99.99,Fault Detected,High,Inspect bearing and schedule maintenance.
307,Ball,99.99,Fault Detected,High,Inspect bearing and schedule maintenance.
308,Ball,99.99,Fault Detected,High,Inspect bearing and schedule maintenance.
309,Ball,100.0,Fault Detected,High,Inspect bearing and schedule maintenance.
310,Ball,100.0,Fault Detected,High,Inspect bearing and schedule maintenance.
311,Ball,99.99,Fault Detected,High,Inspect bearing and schedule maintenance.
312,Ball,99.98,Fault Detected,High,Inspect bearing and schedule maintenance.
313,Ball,99.99,Fault Detected,High,Inspect bearing and schedule maintenance.
314,Ball,100.0,Fault Detected,High,Inspect bearing and schedule maintenance.
315,Ball,100.0,Fault Detected,High,Inspect bearing and schedule maintenance.
316,Ball,100.0,Fault Detected,High,Inspect bearing and schedule maintenance.
317,Ball,100.0,Fault Detected,High,Inspect bearing and schedule maintenance.
318,Ball,100.0,Fault Detected,High,Inspect bearing and schedule maintenance.
319,Ball,100.0,Fault Detected,High,Inspect bearing and schedule maintenance.
320,Ball,99.99,Fault Detected,High,Inspect bearing and schedule maintenance.
321,Ball,99.99,Fault Detected,High,Inspect bearing and schedule maintenance.
322,Ball,99.99,Fault Detected,High,Inspect bearing and schedule maintenance.
323,Ball,100.0,Fault Detected,High,Inspect bearing and schedule maintenance.
324,Ball,100.0,Fault Detected,High,Inspect bearing and schedule maintenance.
325,Ball,100.0,Fault Detected,High,Inspect bearing and schedule maintenance.
326,Ball,99.99,Fault Detected,High,Inspect bearing and schedule maintenance.
327,Ball,99.99,Fault Detected,High,Inspect bearing and schedule maintenance.
328,Ball,100.0,Fault Detected,High,Inspect bearing and schedule maintenance.
329,Ball,100.0,Fault Detected,High,Inspect bearing and schedule maintenance.
330,Ball,100.0,Fault Detected,High,Inspect bearing and schedule maintenance.
331,Ball,99.98,Fault Detected,High,Inspect bearing and schedule maintenance.
332,Ball,99.98,Fault Detected,High,Inspect bearing and schedule maintenance.
333,Ball,100.0,Fault Detected,High,Inspect bearing and schedule maintenance.
334,Ball,99.99,Fault Detected,High,Inspect bearing and schedule maintenance.
335,Ball,100.0,Fault Detected,High,Inspect bearing and schedule maintenance.
336,Ball,100.0,Fault Detected,High,Inspect bearing and schedule maintenance.
337,Ball,99.99,Fault Detected,High,Inspect bearing and schedule maintenance.
338,Ball,99.99,Fault Detected,High,Inspect bearing and schedule maintenance.
339,Ball,100.0,Fault Detected,High,Inspect bearing and schedule maintenance.
340,Ball,100.0,Fault Detected,High,Inspect bearing and schedule maintenance.
341,Ball,100.0,Fault Detected,High,Inspect bearing and schedule maintenance.
342,Ball,100.0,Fault Detected,High,Inspect bearing and schedule maintenance.
343,Ball,100.0,Fault Detected,High,Inspect bearing and schedule maintenance.
344,Ball,100.0,Fault Detected,High,Inspect bearing and schedule maintenance.
345,Ball,100.0,Fault Detected,High,Inspect bearing and schedule maintenance.
346,Ball,100.0,Fault Detected,High,Inspect bearing and schedule maintenance.
347,Ball,100.0,Fault Detected,High,Inspect bearing and schedule maintenance.
348,Ball,100.0,Fault Detected,High,Inspect bearing and schedule maintenance.
349,Ball,100.0,Fault Detected,High,Inspect bearing and schedule maintenance.
350,Ball,100.0,Fault Detected,High,Inspect bearing and schedule maintenance.
351,Ball,99.99,Fault Detected,High,Inspect bearing and schedule maintenance.
352,Ball,100.0,Fault Detected,High,Inspect bearing and schedule maintenance.
353,Ball,100.0,Fault Detected,High,Inspect bearing and schedule maintenance.
354,Outer Race,100.0,Fault Detected,High,Inspect outer race and schedule maintenance.
355,Outer Race,100.0,Fault Detected,High,Inspect outer race and schedule maintenance.
356,Outer Race,100.0,Fault Detected,High,Inspect outer race and schedule maintenance.
357,Outer Race,100.0,Fault Detected,High,Inspect outer race and schedule maintenance.
358,Outer Race,100.0,Fault Detected,High,Inspect outer race and schedule maintenance.
359,Outer Race,100.0,Fault Detected,High,Inspect outer race and schedule maintenance.
360,Outer Race,100.0,Fault Detected,High,Inspect outer race and schedule maintenance.
361,Outer Race,100.0,Fault Detected,High,Inspect outer race and schedule maintenance.
362,Outer Race,100.0,Fault Detected,High,Inspect outer race and schedule maintenance.
363,Outer Race,100.0,Fault Detected,High,Inspect outer race and schedule maintenance.
364,Outer Race,100.0,Fault Detected,High,Inspect outer race and schedule maintenance.
365,Outer Race,100.0,Fault Detected,High,Inspect outer race and schedule maintenance.
366,Outer Race,100.0,Fault Detected,High,Inspect outer race and schedule maintenance.
367,Outer Race,100.0,Fault Detected,High,Inspect outer race and schedule maintenance.
368,Outer Race,100.0,Fault Detected,High,Inspect outer race and schedule maintenance.
369,Outer Race,100.0,Fault Detected,High,Inspect outer race and schedule maintenance.
370,Outer Race,100.0,Fault Detected,High,Inspect outer race and schedule maintenance.
371,Outer Race,100.0,Fault Detected,High,Inspect outer race and schedule maintenance.
372,Outer Race,100.0,Fault Detected,High,Inspect outer race and schedule maintenance.
373,Outer Race,100.0,Fault Detected,High,Inspect outer race and schedule maintenance.
374,Outer Race,100.0,Fault Detected,High,Inspect outer race and schedule maintenance.
375,Outer Race,100.0,Fault Detected,High,Inspect outer race and schedule maintenance.
376,Outer Race,100.0,Fault Detected,High,Inspect outer race and schedule maintenance.
377,Outer Race,100.0,Fault Detected,High,Inspect outer race and schedule maintenance.
378,Outer Race,100.0,Fault Detected,High,Inspect outer race and schedule maintenance.
379,Outer Race,100.0,Fault Detected,High,Inspect outer race and schedule maintenance.
380,Outer Race,100.0,Fault Detected,High,Inspect outer race and schedule maintenance.
381,Outer Race,100.0,Fault Detected,High,Inspect outer race and schedule maintenance.
382,Outer Race,100.0,Fault Detected,High,Inspect outer race and schedule maintenance.
383,Outer Race,100.0,Fault Detected,High,Inspect outer race and schedule maintenance.
384,Outer Race,100.0,Fault Detected,High,Inspect outer race and schedule maintenance.
385,Outer Race,100.0,Fault Detected,High,Inspect outer race and schedule maintenance.
386,Outer Race,100.0,Fault Detected,High,Inspect outer race and schedule maintenance.
387,Outer Race,100.0,Fault Detected,High,Inspect outer race and schedule maintenance.
388,Outer Race,100.0,Fault Detected,High,Inspect outer race and schedule maintenance.
389,Outer Race,100.0,Fault Detected,High,Inspect outer race and schedule maintenance.
390,Outer Race,100.0,Fault Detected,High,Inspect outer race and schedule maintenance.
391,Outer Race,100.0,Fault Detected,High,Inspect outer race and schedule maintenance.
392,Outer Race,100.0,Fault Detected,High,Inspect outer race and schedule maintenance.
393,Outer Race,100.0,Fault Detected,High,Inspect outer race and schedule maintenance.
394,Outer Race,100.0,Fault Detected,High,Inspect outer race and schedule maintenance.
395,Outer Race,100.0,Fault Detected,High,Inspect outer race and schedule maintenance.
396,Outer Race,100.0,Fault Detected,High,Inspect outer race and schedule maintenance.
397,Outer Race,100.0,Fault Detected,High,Inspect outer race and schedule maintenance.
398,Outer Race,100.0,Fault Detected,High,Inspect outer race and schedule maintenance.
399,Outer Race,100.0,Fault Detected,High,Inspect outer race and schedule maintenance.
400,Outer Race,100.0,Fault Detected,High,Inspect outer race and schedule maintenance.
401,Outer Race,100.0,Fault Detected,High,Inspect outer race and schedule maintenance.
402,Outer Race,100.0,Fault Detected,High,Inspect outer race and schedule maintenance.
403,Outer Race,100.0,Fault Detected,High,Inspect outer race and schedule maintenance.
404,Outer Race,100.0,Fault Detected,High,Inspect outer race and schedule maintenance.
405,Outer Race,100.0,Fault Detected,High,Inspect outer race and schedule maintenance.
406,Outer Race,100.0,Fault Detected,High,Inspect outer race and schedule maintenance.
407,Outer Race,100.0,Fault Detected,High,Inspect outer race and schedule maintenance.
408,Outer Race,100.0,Fault Detected,High,Inspect outer race and schedule maintenance.
409,Outer Race,100.0,Fault Detected,High,Inspect outer race and schedule maintenance.
410,Outer Race,100.0,Fault Detected,High,Inspect outer race and schedule maintenance.
411,Outer Race,100.0,Fault Detected,High,Inspect outer race and schedule maintenance.
